{
  "config": {
    "embedding_model": "BAAI/bge-large-zh",
    "llm_model": "deepseek-chat",
    "top_k": 5,
    "total_questions": 89,
    "retrieval": "vector+bm25",
    "rrf_weight": 0.5,
    "reranker": "cross-encoder/ms-marco-MiniLM-L-4-v2",
    "reranker_candidates": 15
  },
  "recall_at_5": {
    "average": 0.6157303370786517,
    "median": 0.6,
    "hit_rate_at_5": 0.8426966292134831,
    "note": "recall@5 = top-5中来自正确文档的chunk比例; hit_rate = 正确文档是否出现在top-5中",
    "by_source": {
      "bert.md": 0.8857142857142858,
      "rag_original.md": 0.6444444444444444,
      "transformer.md": 0.6888888888888888,
      "gpt4.md": 0.8285714285714285,
      "llama2.md": 1.0,
      "lora.md": 1.0,
      "ragas.md": 0.8333333333333334,
      "langchain_introduction.md": 0.0,
      "langchain_chat_model.md": 0.7999999999999999,
      "langchain_rag.md": 0.30000000000000004,
      "web_agent_blog.md": 0.6333333333333333,
      "web_prompt_engineering.md": 0.65,
      "llamaindex_introduction.md": 0.6,
      "llamaindex_rag.md": 0.0,
      "llamaindex_evaluation.md": 0.2,
      "llamaindex_data_connectors.md": 0.0,
      "llamaindex_query_engine.md": 0.0,
      "web_transformer_family.md": 0.2,
      "web_rag_pinecone.md": 0.3,
      "llamaindex_agent.md": 0.4,
      "llamaindex_response_synthesis.md": 0.0,
      "langchain_chatbot.md": 0.0,
      "chunk_strategy_comparison.md": 0.3333333333333333,
      "embedding_comparison.md": 0.19999999999999998,
      "model_benchmark.md": 0.06666666666666667
    },
    "by_type": {
      "factoid": 0.6285714285714288,
      "reasoning": 0.5733333333333334,
      "comparison": 0.55
    }
  },
  "retrieval_timing": {
    "total_s": 21.539,
    "avg_ms": 242.01,
    "min_ms": 164.11,
    "max_ms": 388.44,
    "per_question_ms": {
      "1": 350.3,
      "2": 190.5,
      "3": 322.8,
      "4": 219.5,
      "5": 204.3,
      "6": 216.1,
      "7": 219.5,
      "8": 234.2,
      "9": 195.5,
      "10": 184.7,
      "11": 202.4,
      "12": 249.6,
      "13": 207.2,
      "14": 228.6,
      "15": 207.4,
      "16": 201.8,
      "17": 282.2,
      "18": 188.7,
      "19": 342.1,
      "20": 208.9,
      "21": 315.4,
      "22": 385.9,
      "23": 295.4,
      "24": 317.4,
      "25": 228.3,
      "26": 320.2,
      "27": 219.6,
      "28": 234.3,
      "29": 194.0,
      "30": 305.7,
      "31": 250.5,
      "32": 196.8,
      "33": 306.9,
      "34": 239.5,
      "35": 198.7,
      "36": 215.1,
      "37": 218.5,
      "38": 239.6,
      "39": 322.5,
      "40": 230.3,
      "41": 277.0,
      "42": 213.1,
      "43": 253.4,
      "44": 222.8,
      "45": 209.8,
      "46": 208.6,
      "47": 226.1,
      "48": 212.1,
      "49": 222.2,
      "50": 261.1,
      "101": 204.9,
      "102": 220.2,
      "103": 225.3,
      "104": 231.0,
      "105": 263.6,
      "106": 233.4,
      "107": 218.1,
      "108": 238.2,
      "109": 214.4,
      "110": 240.8,
      "111": 303.5,
      "112": 246.0,
      "113": 257.2,
      "114": 246.7,
      "115": 238.8,
      "116": 164.1,
      "117": 212.7,
      "118": 213.4,
      "119": 201.9,
      "120": 241.0,
      "121": 221.1,
      "122": 229.5,
      "123": 223.1,
      "124": 211.4,
      "125": 348.3,
      "126": 208.1,
      "127": 191.2,
      "128": 226.6,
      "129": 221.3,
      "130": 244.6,
      "201": 185.6,
      "202": 388.4,
      "203": 233.5,
      "204": 191.7,
      "205": 374.4,
      "206": 210.1,
      "207": 373.9,
      "208": 214.9,
      "209": 228.7
    }
  },
  "ragas": {
    "faithfulness": 0.81875,
    "answer_relevancy": 0.8160394992240817,
    "context_recall": 0.7023809523809523,
    "context_precision": 0.6202724358596001
  }
}